#mode,#try,MAE,MSE,RMSE,MAPE,train_time
single,0,14.807870654296876,346.15928384221195,18.605356321291243,5.20496534776398,46.819780588150024
single,1,13.9067341796875,306.47310393311756,17.506373237570298,4.8468718756164595,40.02171087265015
single,2,15.070219946289063,358.06853946010546,18.922699053256263,5.2930311074355565,40.5605902671814
combined,0,13.873283422851562,296.84832134480774,17.229286733489804,4.811278180247931,46.16173505783081
combined,1,13.912710424804688,304.9593343418032,17.46308490335551,4.879478704091751,40.51936459541321
combined,2,14.688409326171875,335.6764473833077,18.32147503295812,5.159190054652965,39.99359369277954
